{"homebrew_version":"1.8.1-6-g5556aba","used_options":[],"unused_options":["--with-all-languages","--with-training-tools","--with-serial-num-pack"],"built_as_bottle":true,"poured_from_bottle":true,"installed_as_dependency":false,"installed_on_request":true,"changed_files":["INSTALL_RECEIPT.json","lib/pkgconfig/tesseract.pc"],"time":1542550032,"source_modified_time":1540803192,"HEAD":null,"stdlib":"libcxx","compiler":"clang","aliases":[],"runtime_dependencies":[{"full_name":"leptonica","version":"1.76.0"},{"full_name":"jpeg","version":"9c"},{"full_name":"libtiff","version":"4.0.9"}],"source":{"path":"/usr/local/Homebrew/Library/Taps/homebrew/homebrew-core/Formula/tesseract.rb","tap":"homebrew/core","spec":"stable","versions":{"stable":"4.0.0","devel":"","head":"HEAD","version_scheme":0}}}